checkpoint,revid,timestamp
2021-01-22,1001548988,2021-01-20T04:55:35Z
2021-01-29,1002964260,2021-01-26T21:05:05Z
2021-02-05,1004315100,2021-02-02T00:50:48Z
2021-02-12,1004315100,2021-02-02T00:50:48Z
2021-02-19,1006629845,2021-02-13T22:39:15Z
2021-02-26,1006629845,2021-02-13T22:39:15Z
2021-03-05,1006629845,2021-02-13T22:39:15Z
2021-03-12,1006629845,2021-02-13T22:39:15Z
2021-03-19,1006629845,2021-02-13T22:39:15Z
2021-03-26,1013530193,2021-03-22T02:59:19Z
2021-04-02,1014605708,2021-03-28T02:03:48Z
2021-04-09,1014605708,2021-03-28T02:03:48Z
2021-04-16,1014605708,2021-03-28T02:03:48Z
2021-04-23,1014605708,2021-03-28T02:03:48Z
2021-04-30,1014605708,2021-03-28T02:03:48Z
2021-05-07,1014605708,2021-03-28T02:03:48Z
2021-05-14,1014605708,2021-03-28T02:03:48Z
2021-05-21,1024257034,2021-05-21T01:53:19Z
2021-05-28,1025160498,2021-05-26T02:16:48Z
2021-06-04,1025160498,2021-05-26T02:16:48Z
2021-06-11,1025160498,2021-05-26T02:16:48Z
2021-06-18,1025160498,2021-05-26T02:16:48Z
2021-06-25,1025160498,2021-05-26T02:16:48Z
2021-07-02,1025160498,2021-05-26T02:16:48Z
2021-07-09,1025160498,2021-05-26T02:16:48Z
2021-07-16,1025160498,2021-05-26T02:16:48Z
2021-07-23,1025160498,2021-05-26T02:16:48Z
2021-07-30,1025160498,2021-05-26T02:16:48Z
2021-08-06,1025160498,2021-05-26T02:16:48Z
2021-08-13,1025160498,2021-05-26T02:16:48Z
2021-08-20,1025160498,2021-05-26T02:16:48Z
2021-08-27,1025160498,2021-05-26T02:16:48Z
2021-09-03,1041885392,2021-09-02T02:59:39Z
2021-09-10,1041885392,2021-09-02T02:59:39Z
2021-09-17,1044399057,2021-09-15T01:35:17Z
2021-09-24,1044399057,2021-09-15T01:35:17Z
2021-10-01,1044399057,2021-09-15T01:35:17Z
2021-10-08,1044399057,2021-09-15T01:35:17Z
2021-10-15,1044399057,2021-09-15T01:35:17Z
2021-10-22,1044399057,2021-09-15T01:35:17Z
2021-10-29,1044399057,2021-09-15T01:35:17Z
2021-11-05,1053620687,2021-11-05T00:16:44Z
2021-11-12,1053620687,2021-11-05T00:16:44Z
2021-11-19,1053620687,2021-11-05T00:16:44Z
2021-11-26,1053620687,2021-11-05T00:16:44Z
2021-12-03,1053620687,2021-11-05T00:16:44Z
2021-12-10,1053620687,2021-11-05T00:16:44Z
2021-12-17,1053620687,2021-11-05T00:16:44Z
2021-12-24,1053620687,2021-11-05T00:16:44Z
2021-12-31,1053620687,2021-11-05T00:16:44Z
2022-01-07,1064144704,2022-01-06T20:26:43Z
2022-01-14,1064951014,2022-01-11T01:37:26Z
2022-01-21,1064951014,2022-01-11T01:37:26Z
2022-01-28,1064951014,2022-01-11T01:37:26Z
2022-02-04,1064951014,2022-01-11T01:37:26Z
2022-02-11,1069986818,2022-02-05T02:44:36Z
2022-02-18,1069986818,2022-02-05T02:44:36Z
2022-02-25,1069986818,2022-02-05T02:44:36Z
2022-03-04,1074171012,2022-02-26T20:23:56Z
2022-03-11,1074171012,2022-02-26T20:23:56Z
2022-03-18,1074171012,2022-02-26T20:23:56Z
2022-03-25,1078093940,2022-03-19T20:32:56Z
2022-04-01,1079595721,2022-03-27T16:44:27Z
2022-04-08,1079595721,2022-03-27T16:44:27Z
2022-04-15,1079595721,2022-03-27T16:44:27Z
2022-04-22,1079595721,2022-03-27T16:44:27Z
2022-04-29,1079595721,2022-03-27T16:44:27Z
2022-05-06,1085836258,2022-05-02T18:41:38Z
2022-05-13,1087080885,2022-05-10T06:23:19Z
2022-05-20,1087080885,2022-05-10T06:23:19Z
2022-05-27,1087080885,2022-05-10T06:23:19Z
2022-06-03,1087080885,2022-05-10T06:23:19Z
2022-06-10,1092242052,2022-06-09T01:55:04Z
2022-06-17,1092242052,2022-06-09T01:55:04Z
2022-06-24,1092242052,2022-06-09T01:55:04Z
2022-07-01,1092242052,2022-06-09T01:55:04Z
2022-07-08,1092242052,2022-06-09T01:55:04Z
2022-07-15,1092242052,2022-06-09T01:55:04Z
2022-07-22,1092242052,2022-06-09T01:55:04Z
2022-07-29,1092242052,2022-06-09T01:55:04Z
2022-08-05,1092242052,2022-06-09T01:55:04Z
2022-08-12,1103798869,2022-08-11T02:48:16Z
2022-08-19,1103798869,2022-08-11T02:48:16Z
2022-08-26,1103798869,2022-08-11T02:48:16Z
2022-09-02,1103798869,2022-08-11T02:48:16Z
2022-09-09,1103798869,2022-08-11T02:48:16Z
2022-09-16,1103798869,2022-08-11T02:48:16Z
2022-09-23,1111043381,2022-09-19T01:00:45Z
2022-09-30,1111043381,2022-09-19T01:00:45Z
2022-10-07,1111043381,2022-09-19T01:00:45Z
2022-10-14,1111043381,2022-09-19T01:00:45Z
2022-10-21,1111043381,2022-09-19T01:00:45Z
2022-10-28,1111043381,2022-09-19T01:00:45Z
2022-11-04,1111043381,2022-09-19T01:00:45Z
2022-11-11,1111043381,2022-09-19T01:00:45Z
2022-11-18,1111043381,2022-09-19T01:00:45Z
2022-11-25,1111043381,2022-09-19T01:00:45Z
2022-12-02,1111043381,2022-09-19T01:00:45Z
2022-12-09,1126251228,2022-12-08T09:43:20Z
2022-12-16,1126251228,2022-12-08T09:43:20Z
2022-12-23,1126251228,2022-12-08T09:43:20Z
2022-12-30,1126251228,2022-12-08T09:43:20Z
2023-01-06,1126251228,2022-12-08T09:43:20Z
2023-01-13,1126251228,2022-12-08T09:43:20Z
2023-01-20,1126251228,2022-12-08T09:43:20Z
2023-01-27,1135628772,2023-01-25T21:40:22Z
2023-02-03,1136930486,2023-02-01T22:43:11Z
2023-02-10,1136930486,2023-02-01T22:43:11Z
2023-02-17,1139610047,2023-02-16T00:28:02Z
2023-02-24,1139610047,2023-02-16T00:28:02Z
2023-03-03,1139610047,2023-02-16T00:28:02Z
2023-03-10,1139610047,2023-02-16T00:28:02Z
2023-03-17,1139610047,2023-02-16T00:28:02Z
2023-03-24,1139610047,2023-02-16T00:28:02Z
2023-03-31,1139610047,2023-02-16T00:28:02Z
2023-04-07,1139610047,2023-02-16T00:28:02Z
2023-04-14,1139610047,2023-02-16T00:28:02Z
2023-04-21,1139610047,2023-02-16T00:28:02Z
2023-04-28,1139610047,2023-02-16T00:28:02Z
2023-05-05,1139610047,2023-02-16T00:28:02Z
2023-05-12,1139610047,2023-02-16T00:28:02Z
2023-05-19,1139610047,2023-02-16T00:28:02Z
2023-05-26,1139610047,2023-02-16T00:28:02Z
2023-06-02,1139610047,2023-02-16T00:28:02Z
2023-06-09,1139610047,2023-02-16T00:28:02Z
2023-06-16,1160049857,2023-06-14T03:43:25Z
2023-06-23,1160049857,2023-06-14T03:43:25Z
2023-06-30,1160049857,2023-06-14T03:43:25Z
2023-07-07,1160049857,2023-06-14T03:43:25Z
2023-07-14,1160049857,2023-06-14T03:43:25Z
2023-07-21,1160049857,2023-06-14T03:43:25Z
2023-07-28,1160049857,2023-06-14T03:43:25Z
2023-08-04,1160049857,2023-06-14T03:43:25Z
2023-08-11,1169557779,2023-08-09T21:07:45Z
2023-08-18,1169557779,2023-08-09T21:07:45Z
2023-08-25,1169557779,2023-08-09T21:07:45Z
2023-09-01,1169557779,2023-08-09T21:07:45Z
2023-09-08,1169557779,2023-08-09T21:07:45Z
2023-09-15,1169557779,2023-08-09T21:07:45Z
2023-09-22,1176055724,2023-09-19T05:12:33Z
2023-09-29,1177681786,2023-09-28T22:22:29Z
2023-10-06,1177681786,2023-09-28T22:22:29Z
2023-10-13,1177681786,2023-09-28T22:22:29Z
2023-10-20,1177681786,2023-09-28T22:22:29Z
2023-10-27,1181784111,2023-10-25T05:30:49Z
2023-11-03,1181784111,2023-10-25T05:30:49Z
2023-11-10,1181784111,2023-10-25T05:30:49Z
2023-11-17,1181784111,2023-10-25T05:30:49Z
2023-11-24,1181784111,2023-10-25T05:30:49Z
2023-12-01,1187535961,2023-11-29T21:52:26Z
2023-12-08,1188140058,2023-12-03T15:55:59Z
2023-12-15,1188140058,2023-12-03T15:55:59Z
2023-12-22,1190636511,2023-12-19T01:24:12Z
2023-12-29,1190636511,2023-12-19T01:24:12Z
2024-01-05,1192934216,2024-01-01T04:03:04Z
2024-01-12,1195065810,2024-01-12T04:26:48Z
2024-01-19,1195817146,2024-01-15T11:51:56Z
2024-01-26,1195817146,2024-01-15T11:51:56Z
2024-02-02,1195817146,2024-01-15T11:51:56Z
2024-02-09,1203519024,2024-02-05T01:58:50Z
2024-02-16,1203519024,2024-02-05T01:58:50Z
2024-02-23,1203519024,2024-02-05T01:58:50Z
2024-03-01,1203519024,2024-02-05T01:58:50Z
2024-03-08,1203519024,2024-02-05T01:58:50Z
2024-03-15,1203519024,2024-02-05T01:58:50Z
2024-03-22,1213984671,2024-03-16T08:56:21Z
2024-03-29,1215422714,2024-03-25T01:19:22Z
2024-04-05,1216980985,2024-04-03T02:45:46Z
2024-04-12,1216980985,2024-04-03T02:45:46Z
2024-04-19,1216980985,2024-04-03T02:45:46Z
2024-04-26,1216980985,2024-04-03T02:45:46Z
2024-05-03,1216980985,2024-04-03T02:45:46Z
2024-05-10,1216980985,2024-04-03T02:45:46Z
2024-05-17,1224150188,2024-05-16T15:02:48Z
2024-05-24,1224150188,2024-05-16T15:02:48Z
2024-05-31,1224150188,2024-05-16T15:02:48Z
2024-06-07,1224150188,2024-05-16T15:02:48Z
2024-06-14,1224150188,2024-05-16T15:02:48Z
2024-06-21,1224150188,2024-05-16T15:02:48Z
2024-06-28,1224150188,2024-05-16T15:02:48Z
2024-07-05,1224150188,2024-05-16T15:02:48Z
2024-07-12,1233962992,2024-07-11T21:02:33Z
2024-07-19,1234341326,2024-07-13T21:22:58Z
2024-07-26,1236489013,2024-07-25T00:34:24Z
2024-08-02,1236489013,2024-07-25T00:34:24Z
2024-08-09,1236489013,2024-07-25T00:34:24Z
2024-08-16,1236489013,2024-07-25T00:34:24Z
2024-08-23,1236489013,2024-07-25T00:34:24Z
2024-08-30,1236489013,2024-07-25T00:34:24Z
2024-09-06,1236489013,2024-07-25T00:34:24Z
2024-09-13,1236489013,2024-07-25T00:34:24Z
2024-09-20,1236489013,2024-07-25T00:34:24Z
2024-09-27,1236489013,2024-07-25T00:34:24Z
2024-10-04,1236489013,2024-07-25T00:34:24Z
2024-10-11,1236489013,2024-07-25T00:34:24Z
2024-10-18,1251787419,2024-10-18T02:17:37Z
2024-10-25,1251787419,2024-10-18T02:17:37Z
2024-11-01,1251787419,2024-10-18T02:17:37Z
2024-11-08,1251787419,2024-10-18T02:17:37Z
2024-11-15,1251787419,2024-10-18T02:17:37Z
2024-11-22,1258334588,2024-11-19T03:42:20Z
2024-11-29,1258334588,2024-11-19T03:42:20Z
2024-12-06,1260310089,2024-11-30T01:39:19Z
2024-12-13,1260310089,2024-11-30T01:39:19Z
2024-12-20,1260310089,2024-11-30T01:39:19Z
2024-12-27,1260310089,2024-11-30T01:39:19Z
2025-01-03,1260310089,2024-11-30T01:39:19Z
2025-01-10,1268016871,2025-01-07T20:10:01Z
2025-01-17,1269741234,2025-01-16T03:57:57Z
2025-01-24,1269741234,2025-01-16T03:57:57Z
2025-01-31,1271728974,2025-01-25T11:44:24Z
2025-02-07,1274222543,2025-02-06T03:32:38Z
2025-02-14,1274222543,2025-02-06T03:32:38Z
2025-02-21,1276096856,2025-02-16T21:27:04Z
2025-02-28,1276096856,2025-02-16T21:27:04Z
2025-03-07,1276096856,2025-02-16T21:27:04Z
2025-03-14,1276096856,2025-02-16T21:27:04Z
2025-03-21,1276096856,2025-02-16T21:27:04Z
2025-03-28,1282496683,2025-03-26T19:45:38Z
2025-04-04,1282496683,2025-03-26T19:45:38Z
2025-04-11,1284761024,2025-04-09T15:29:35Z
2025-04-18,1284761024,2025-04-09T15:29:35Z
2025-04-25,1284761024,2025-04-09T15:29:35Z
2025-05-02,1284761024,2025-04-09T15:29:35Z
2025-05-09,1284761024,2025-04-09T15:29:35Z
2025-05-16,1284761024,2025-04-09T15:29:35Z
2025-05-23,1284761024,2025-04-09T15:29:35Z
2025-05-30,1284761024,2025-04-09T15:29:35Z
2025-06-06,1284761024,2025-04-09T15:29:35Z
2025-06-13,1284761024,2025-04-09T15:29:35Z
2025-06-20,1284761024,2025-04-09T15:29:35Z
2025-06-27,1296805043,2025-06-22T11:30:36Z
2025-07-04,1296805043,2025-06-22T11:30:36Z
2025-07-11,1296805043,2025-06-22T11:30:36Z
2025-07-18,1296805043,2025-06-22T11:30:36Z
2025-07-25,1296805043,2025-06-22T11:30:36Z
2025-08-01,1296805043,2025-06-22T11:30:36Z
2025-08-08,1296805043,2025-06-22T11:30:36Z
2025-08-15,1296805043,2025-06-22T11:30:36Z
2025-08-22,1296805043,2025-06-22T11:30:36Z
2025-08-29,1296805043,2025-06-22T11:30:36Z
2025-09-05,1309763269,2025-09-05T22:24:49Z
2025-09-12,1310113765,2025-09-07T20:02:18Z
2025-09-19,1310113765,2025-09-07T20:02:18Z
2025-09-26,1312509018,2025-09-21T02:20:48Z
2025-10-03,1312509018,2025-09-21T02:20:48Z
2025-10-10,1315309322,2025-10-05T23:54:07Z
2025-10-17,1315309322,2025-10-05T23:54:07Z
2025-10-24,1315309322,2025-10-05T23:54:07Z
2025-10-31,1315309322,2025-10-05T23:54:07Z
2025-11-07,1315309322,2025-10-05T23:54:07Z
2025-11-14,1315309322,2025-10-05T23:54:07Z
2025-11-21,1315309322,2025-10-05T23:54:07Z
2025-11-28,1315309322,2025-10-05T23:54:07Z
2025-12-05,1315309322,2025-10-05T23:54:07Z
2025-12-12,1315309322,2025-10-05T23:54:07Z
2025-12-19,1315309322,2025-10-05T23:54:07Z
2025-12-26,1315309322,2025-10-05T23:54:07Z
